-- MySQL dump 10.13  Distrib 8.0.41, for Win64 (x86_64)
--
-- Host: 127.0.0.1    Database: bookstoredb
-- ------------------------------------------------------
-- Server version	8.0.41

/*!40101 SET @OLD_CHARACTER_SET_CLIENT=@@CHARACTER_SET_CLIENT */;
/*!40101 SET @OLD_CHARACTER_SET_RESULTS=@@CHARACTER_SET_RESULTS */;
/*!40101 SET @OLD_COLLATION_CONNECTION=@@COLLATION_CONNECTION */;
/*!50503 SET NAMES utf8 */;
/*!40103 SET @OLD_TIME_ZONE=@@TIME_ZONE */;
/*!40103 SET TIME_ZONE='+00:00' */;
/*!40014 SET @OLD_UNIQUE_CHECKS=@@UNIQUE_CHECKS, UNIQUE_CHECKS=0 */;
/*!40014 SET @OLD_FOREIGN_KEY_CHECKS=@@FOREIGN_KEY_CHECKS, FOREIGN_KEY_CHECKS=0 */;
/*!40101 SET @OLD_SQL_MODE=@@SQL_MODE, SQL_MODE='NO_AUTO_VALUE_ON_ZERO' */;
/*!40111 SET @OLD_SQL_NOTES=@@SQL_NOTES, SQL_NOTES=0 */;

--
-- Table structure for table `authors`
--

DROP TABLE IF EXISTS `authors`;
/*!40101 SET @saved_cs_client     = @@character_set_client */;
/*!50503 SET character_set_client = utf8mb4 */;
CREATE TABLE `authors` (
  `AuthorID` int NOT NULL,
  `Name` varchar(100) DEFAULT NULL,
  `Country` varchar(50) DEFAULT NULL,
  PRIMARY KEY (`AuthorID`)
) ENGINE=InnoDB DEFAULT CHARSET=utf8mb4 COLLATE=utf8mb4_0900_ai_ci;
/*!40101 SET character_set_client = @saved_cs_client */;

--
-- Dumping data for table `authors`
--

LOCK TABLES `authors` WRITE;
/*!40000 ALTER TABLE `authors` DISABLE KEYS */;
INSERT INTO `authors` VALUES (1,'Chetan Bhagat','India'),(2,'JK Rowling','UK'),(3,'Yuval Harari','Israel');
/*!40000 ALTER TABLE `authors` ENABLE KEYS */;
UNLOCK TABLES;

--
-- Table structure for table `books`
--

DROP TABLE IF EXISTS `books`;
/*!40101 SET @saved_cs_client     = @@character_set_client */;
/*!50503 SET character_set_client = utf8mb4 */;
CREATE TABLE `books` (
  `BookID` int NOT NULL,
  `Title` varchar(200) DEFAULT NULL,
  `AuthorID` int DEFAULT NULL,
  `Genre` varchar(50) DEFAULT NULL,
  `Price` decimal(10,2) DEFAULT NULL,
  `Stock` int DEFAULT NULL,
  PRIMARY KEY (`BookID`),
  KEY `AuthorID` (`AuthorID`),
  CONSTRAINT `books_ibfk_1` FOREIGN KEY (`AuthorID`) REFERENCES `authors` (`AuthorID`)
) ENGINE=InnoDB DEFAULT CHARSET=utf8mb4 COLLATE=utf8mb4_0900_ai_ci;
/*!40101 SET character_set_client = @saved_cs_client */;

--
-- Dumping data for table `books`
--

LOCK TABLES `books` WRITE;
/*!40000 ALTER TABLE `books` DISABLE KEYS */;
INSERT INTO `books` VALUES (1,'Harry Potter',2,'Fantasy',499.00,50),(2,'Five Point Someone',1,'Drama',299.00,30),(3,'Sapiens',3,'History',799.00,20);
/*!40000 ALTER TABLE `books` ENABLE KEYS */;
UNLOCK TABLES;

--
-- Table structure for table `customers`
--

DROP TABLE IF EXISTS `customers`;
/*!40101 SET @saved_cs_client     = @@character_set_client */;
/*!50503 SET character_set_client = utf8mb4 */;
CREATE TABLE `customers` (
  `CustomerID` int NOT NULL,
  `Name` varchar(100) DEFAULT NULL,
  `Email` varchar(100) DEFAULT NULL,
  PRIMARY KEY (`CustomerID`)
) ENGINE=InnoDB DEFAULT CHARSET=utf8mb4 COLLATE=utf8mb4_0900_ai_ci;
/*!40101 SET character_set_client = @saved_cs_client */;

--
-- Dumping data for table `customers`
--

LOCK TABLES `customers` WRITE;
/*!40000 ALTER TABLE `customers` DISABLE KEYS */;
INSERT INTO `customers` VALUES (1,'Gowtham Kumar','gowtham@example.com'),(2,'Rohith','rohith@example.com');
/*!40000 ALTER TABLE `customers` ENABLE KEYS */;
UNLOCK TABLES;

--
-- Table structure for table `orderitems`
--

DROP TABLE IF EXISTS `orderitems`;
/*!40101 SET @saved_cs_client     = @@character_set_client */;
/*!50503 SET character_set_client = utf8mb4 */;
CREATE TABLE `orderitems` (
  `OrderItemID` int NOT NULL,
  `OrderID` int DEFAULT NULL,
  `BookID` int DEFAULT NULL,
  `Quantity` int DEFAULT NULL,
  PRIMARY KEY (`OrderItemID`),
  KEY `OrderID` (`OrderID`),
  KEY `BookID` (`BookID`),
  CONSTRAINT `orderitems_ibfk_1` FOREIGN KEY (`OrderID`) REFERENCES `orders` (`OrderID`),
  CONSTRAINT `orderitems_ibfk_2` FOREIGN KEY (`BookID`) REFERENCES `books` (`BookID`)
) ENGINE=InnoDB DEFAULT CHARSET=utf8mb4 COLLATE=utf8mb4_0900_ai_ci;
/*!40101 SET character_set_client = @saved_cs_client */;

--
-- Dumping data for table `orderitems`
--

LOCK TABLES `orderitems` WRITE;
/*!40000 ALTER TABLE `orderitems` DISABLE KEYS */;
INSERT INTO `orderitems` VALUES (1,1,1,2),(2,1,3,1),(3,2,2,1);
/*!40000 ALTER TABLE `orderitems` ENABLE KEYS */;
UNLOCK TABLES;

--
-- Table structure for table `orders`
--

DROP TABLE IF EXISTS `orders`;
/*!40101 SET @saved_cs_client     = @@character_set_client */;
/*!50503 SET character_set_client = utf8mb4 */;
CREATE TABLE `orders` (
  `OrderID` int NOT NULL,
  `CustomerID` int DEFAULT NULL,
  `OrderDate` date DEFAULT NULL,
  PRIMARY KEY (`OrderID`),
  KEY `CustomerID` (`CustomerID`),
  CONSTRAINT `orders_ibfk_1` FOREIGN KEY (`CustomerID`) REFERENCES `customers` (`CustomerID`)
) ENGINE=InnoDB DEFAULT CHARSET=utf8mb4 COLLATE=utf8mb4_0900_ai_ci;
/*!40101 SET character_set_client = @saved_cs_client */;

--
-- Dumping data for table `orders`
--

LOCK TABLES `orders` WRITE;
/*!40000 ALTER TABLE `orders` DISABLE KEYS */;
INSERT INTO `orders` VALUES (1,1,'2025-11-01'),(2,2,'2025-11-05');
/*!40000 ALTER TABLE `orders` ENABLE KEYS */;
UNLOCK TABLES;
/*!40103 SET TIME_ZONE=@OLD_TIME_ZONE */;

/*!40101 SET SQL_MODE=@OLD_SQL_MODE */;
/*!40014 SET FOREIGN_KEY_CHECKS=@OLD_FOREIGN_KEY_CHECKS */;
/*!40014 SET UNIQUE_CHECKS=@OLD_UNIQUE_CHECKS */;
/*!40101 SET CHARACTER_SET_CLIENT=@OLD_CHARACTER_SET_CLIENT */;
/*!40101 SET CHARACTER_SET_RESULTS=@OLD_CHARACTER_SET_RESULTS */;
/*!40101 SET COLLATION_CONNECTION=@OLD_COLLATION_CONNECTION */;
/*!40111 SET SQL_NOTES=@OLD_SQL_NOTES */;

-- Dump completed on 2025-11-25 23:55:00
